"driverId","career_points","performance_category"
1,"4821","High"
2,"259","Medium"
3,"1595","High"
4,"2329","High"
5,"105","Low"
6,"9","Low"
7,"6","Low"
8,"1873","High"
9,"274","Medium"
10,"51","Low"
11,"44","Low"
12,"19","Low"
13,"1167","High"
14,"535","High"
15,"247","Medium"
16,"124","Low"
17,"1048","High"
18,"1235","High"
19,"0","Low"
20,"3098","High"
21,"275","Medium"
22,"658","High"
23,"329","High"
24,"26","Low"
25,"45","Low"
26,"0","Low"
27,"4","Low"
28,"0","Low"
29,"0","Low"
30,"1566","High"
31,"307","High"
32,"14","Low"
33,"7","Low"
34,"0","Low"
35,"235","Medium"
36,"0","Low"
37,"35","Low"
38,"0","Low"
39,"5","Low"
40,"3","Low"
41,"3","Low"
42,"8","Low"
43,"13","Low"
44,"76","Low"
45,"0","Low"
46,"0","Low"
47,"1","Low"
48,"5","Low"
49,"174","Medium"
50,"17","Low"
51,"1","Low"
52,"1","Low"
53,"0","Low"
54,"0","Low"
55,"241","Medium"
56,"191","Medium"
57,"420","High"
58,"0","Low"
59,"0","Low"
60,"0","Low"
61,"0","Low"
62,"0","Low"
63,"33","Low"
64,"10","Low"
65,"98","Low"
66,"0","Low"
67,"29","Low"
68,"0","Low"
69,"0","Low"
70,"1","Low"
71,"360","High"
72,"0","Low"
73,"0","Low"
74,"0","Low"
75,"2","Low"
76,"1","Low"
77,"385","High"
78,"7","Low"
79,"5","Low"
80,"0","Low"
81,"9","Low"
82,"0","Low"
83,"1","Low"
84,"98","Low"
85,"0","Low"
86,"0","Low"
87,"32","Low"
88,"8","Low"
89,"0","Low"
90,"15","Low"
91,"14","Low"
92,"5","Low"
93,"0","Low"
94,"18","Low"
95,"482","High"
96,"3","Low"
97,"0","Low"
98,"0","Low"
99,"1","Low"
100,"7","Low"
101,"0","Low"
102,"614","High"
103,"10","Low"
104,"12","Low"
105,"187","Medium"
106,"0","Low"
107,"0","Low"
108,"0","Low"
109,"10","Low"
110,"59","Low"
111,"0","Low"
112,"7","Low"
113,"0","Low"
114,"0","Low"
115,"0","Low"
116,"0","Low"
117,"799","High"
118,"71","Low"
119,"281","Medium"
120,"2","Low"
121,"7","Low"
122,"31","Low"
123,"132","Low"
124,"0","Low"
125,"0","Low"
126,"0","Low"
127,"10","Low"
128,"0","Low"
129,"1","Low"
130,"0","Low"
131,"17","Low"
132,"0","Low"
133,"6","Low"
134,"0","Low"
135,"0","Low"
136,"0","Low"
137,"486","High"
138,"16","Low"
139,"3","Low"
140,"88","Low"
141,"1","Low"
142,"0","Low"
143,"0","Low"
144,"0","Low"
145,"65","Low"
146,"0","Low"
147,"0","Low"
148,"0","Low"
149,"0","Low"
150,"0","Low"
151,"0","Low"
152,"14","Low"
153,"31","Low"
154,"391","High"
155,"125","Low"
156,"14","Low"
157,"4","Low"
158,"70","Low"
159,"1","Low"
160,"2","Low"
161,"0","Low"
162,"0","Low"
163,"181","Medium"
164,"0","Low"
165,"0","Low"
166,"11","Low"
167,"0","Low"
168,"0","Low"
169,"0","Low"
170,"23","Low"
171,"0","Low"
172,"228","Medium"
173,"122","Low"
174,"3","Low"
175,"103","Low"
176,"17","Low"
177,"160","Medium"
178,"206","Medium"
179,"0","Low"
180,"0","Low"
181,"2","Low"
182,"421","High"
183,"0","Low"
184,"5","Low"
185,"4","Low"
186,"0","Low"
187,"169","Medium"
188,"1","Low"
189,"0","Low"
190,"0","Low"
191,"0","Low"
192,"1","Low"
193,"2","Low"
194,"3","Low"
195,"0","Low"
196,"0","Low"
197,"32","Low"
198,"0","Low"
199,"310","High"
200,"72","Low"
201,"1","Low"
202,"101","Low"
203,"107","Low"
204,"0","Low"
205,"0","Low"
206,"15","Low"
207,"180","Medium"
208,"0","Low"
209,"0","Low"
210,"0","Low"
211,"0","Low"
212,"13","Low"
213,"0","Low"
214,"0","Low"
215,"0","Low"
216,"0","Low"
217,"0","Low"
218,"0","Low"
219,"21","Low"
220,"0","Low"
221,"141","Low"
222,"255","Medium"
223,"212","Medium"
224,"281","Medium"
225,"0","Low"
226,"0","Low"
227,"0","Low"
228,"0","Low"
229,"0","Low"
230,"16","Low"
231,"179","Medium"
232,"11","Low"
233,"29","Low"
234,"0","Low"
235,"181","Medium"
236,"0","Low"
237,"0","Low"
238,"206","Medium"
239,"0","Low"
240,"0","Low"
241,"0","Low"
242,"0","Low"
243,"14","Low"
244,"0","Low"
245,"0","Low"
246,"0","Low"
247,"0","Low"
248,"0","Low"
249,"0","Low"
250,"58","Low"
251,"0","Low"
252,"19","Low"
253,"0","Low"
254,"1","Low"
255,"31","Low"
256,"0","Low"
257,"0","Low"
258,"0","Low"
259,"0","Low"
260,"0","Low"
261,"0","Low"
262,"13","Low"
263,"0","Low"
264,"0","Low"
265,"0","Low"
266,"0","Low"
267,"0","Low"
268,"0","Low"
269,"0","Low"
270,"0","Low"
271,"0","Low"
272,"0","Low"
273,"0","Low"
274,"0","Low"
275,"1","Low"
276,"0","Low"
277,"0","Low"
278,"83","Low"
279,"0","Low"
280,"12","Low"
281,"0","Low"
282,"0","Low"
283,"0","Low"
284,"0","Low"
285,"0","Low"
286,"0","Low"
287,"0","Low"
288,"8","Low"
289,"289","Medium"
290,"3","Low"
291,"0","Low"
292,"0","Low"
293,"0","Low"
294,"1","Low"
295,"0","Low"
296,"0","Low"
297,"0","Low"
298,"2","Low"
299,"0","Low"
300,"0","Low"
301,"0","Low"
302,"0","Low"
303,"0","Low"
304,"248","Medium"
305,"29","Low"
306,"77","Low"
307,"10","Low"
308,"0","Low"
309,"61","Low"
310,"0","Low"
311,"0","Low"
312,"8","Low"
313,"0","Low"
314,"7","Low"
315,"0","Low"
316,"0","Low"
317,"13","Low"
318,"0","Low"
319,"0","Low"
320,"11","Low"
321,"1","Low"
322,"0","Low"
323,"0","Low"
324,"0","Low"
325,"0","Low"
326,"0","Low"
327,"89","Low"
328,"360","High"
329,"0","Low"
330,"0","Low"
331,"0","Low"
332,"5","Low"
333,"6","Low"
334,"0","Low"
335,"0","Low"
336,"0","Low"
337,"0","Low"
338,"0","Low"
339,"0","Low"
340,"6","Low"
341,"180","Medium"
342,"0","Low"
343,"0","Low"
344,"0","Low"
345,"71","Low"
346,"68","Low"
347,"39","Low"
348,"0","Low"
349,"0","Low"
350,"8","Low"
351,"3","Low"
352,"0","Low"
353,"0","Low"
354,"0","Low"
355,"0","Low"
356,"261","Medium"
357,"2","Low"
358,"109","Low"
359,"9","Low"
360,"197","Medium"
361,"20","Low"
362,"0","Low"
363,"3","Low"
364,"133","Low"
365,"0","Low"
366,"0","Low"
367,"0","Low"
368,"0","Low"
369,"0","Low"
370,"11","Low"
371,"0","Low"
372,"0","Low"
373,"274","Medium"
374,"27","Low"
375,"17","Low"
376,"6","Low"
377,"0","Low"
378,"0","Low"
379,"0","Low"
380,"0","Low"
381,"0","Low"
382,"0","Low"
383,"8","Low"
384,"0","Low"
385,"58","Low"
386,"107","Low"
387,"14","Low"
388,"2","Low"
389,"1","Low"
390,"0","Low"
391,"0","Low"
392,"0","Low"
393,"0","Low"
394,"14","Low"
395,"0","Low"
396,"3","Low"
397,"12","Low"
398,"0","Low"
399,"1","Low"
400,"0","Low"
401,"8","Low"
402,"0","Low"
403,"98","Low"
404,"47","Low"
405,"2","Low"
406,"0","Low"
407,"0","Low"
408,"26","Low"
409,"0","Low"
410,"1","Low"
411,"0","Low"
412,"0","Low"
413,"0","Low"
414,"0","Low"
415,"0","Low"
416,"0","Low"
417,"0","Low"
418,"21","Low"
419,"0","Low"
420,"0","Low"
421,"0","Low"
422,"0","Low"
423,"3","Low"
424,"0","Low"
425,"0","Low"
426,"0","Low"
427,"72","Low"
428,"0","Low"
429,"2","Low"
430,"4","Low"
431,"0","Low"
432,"0","Low"
433,"2","Low"
434,"0","Low"
435,"7","Low"
436,"0","Low"
437,"0","Low"
438,"0","Low"
439,"0","Low"
440,"3","Low"
441,"0","Low"
442,"0","Low"
443,"0","Low"
444,"0","Low"
445,"0","Low"
446,"0","Low"
447,"0","Low"
448,"0","Low"
449,"14","Low"
450,"0","Low"
451,"0","Low"
452,"0","Low"
453,"3","Low"
454,"4","Low"
455,"0","Low"
456,"19","Low"
457,"0","Low"
458,"0","Low"
459,"0","Low"
460,"0","Low"
461,"0","Low"
462,"0","Low"
463,"0","Low"
464,"0","Low"
465,"0","Low"
466,"0","Low"
467,"0","Low"
468,"0","Low"
469,"0","Low"
470,"0","Low"
471,"0","Low"
472,"0","Low"
473,"0","Low"
474,"0","Low"
475,"187","Medium"
476,"56","Low"
477,"11","Low"
478,"10","Low"
479,"75","Low"
480,"0","Low"
481,"3","Low"
482,"18","Low"
483,"1","Low"
484,"0","Low"
485,"0","Low"
486,"5","Low"
487,"0","Low"
488,"0","Low"
489,"0","Low"
490,"0","Low"
491,"0","Low"
492,"0","Low"
493,"0","Low"
494,"0","Low"
495,"0","Low"
496,"9","Low"
497,"0","Low"
498,"79","Low"
499,"0","Low"
500,"0","Low"
501,"32","Low"
502,"0","Low"
503,"0","Low"
504,"0","Low"
505,"0","Low"
506,"0","Low"
507,"0","Low"
508,"0","Low"
509,"29","Low"
510,"6","Low"
511,"3","Low"
512,"10","Low"
513,"1","Low"
514,"0","Low"
515,"0","Low"
516,"0","Low"
517,"0","Low"
518,"7","Low"
519,"1","Low"
520,"0","Low"
521,"0","Low"
522,"0","Low"
523,"0","Low"
524,"0","Low"
525,"18","Low"
526,"10","Low"
527,"0","Low"
528,"4","Low"
529,"11","Low"
530,"0","Low"
531,"0","Low"
532,"0","Low"
533,"4","Low"
534,"0","Low"
535,"0","Low"
536,"0","Low"
537,"2","Low"
538,"0","Low"
539,"0","Low"
540,"0","Low"
541,"5","Low"
542,"0","Low"
543,"3","Low"
544,"0","Low"
545,"0","Low"
546,"0","Low"
547,"2","Low"
548,"0","Low"
549,"0","Low"
550,"0","Low"
551,"0","Low"
552,"0","Low"
553,"0","Low"
554,"51","Low"
555,"9","Low"
556,"0","Low"
557,"0","Low"
558,"0","Low"
559,"8","Low"
560,"0","Low"
561,"0","Low"
562,"0","Low"
563,"0","Low"
564,"0","Low"
565,"0","Low"
566,"0","Low"
567,"0","Low"
568,"0","Low"
569,"0","Low"
570,"0","Low"
571,"0","Low"
572,"0","Low"
573,"0","Low"
574,"0","Low"
575,"0","Low"
576,"0","Low"
577,"44","Low"
578,"128","Low"
579,"280","Medium"
580,"6","Low"
581,"47","Low"
582,"0","Low"
583,"2","Low"
584,"0","Low"
585,"0","Low"
586,"0","Low"
587,"0","Low"
588,"0","Low"
589,"4","Low"
590,"16","Low"
591,"6","Low"
592,"0","Low"
593,"12","Low"
594,"0","Low"
595,"0","Low"
596,"0","Low"
597,"0","Low"
598,"0","Low"
599,"0","Low"
600,"0","Low"
601,"0","Low"
602,"0","Low"
603,"0","Low"
604,"0","Low"
605,"0","Low"
606,"4","Low"
607,"5","Low"
608,"20","Low"
609,"0","Low"
610,"0","Low"
611,"20","Low"
612,"5","Low"
613,"0","Low"
614,"0","Low"
615,"2","Low"
616,"0","Low"
617,"0","Low"
618,"0","Low"
619,"0","Low"
620,"3","Low"
621,"0","Low"
622,"2","Low"
623,"0","Low"
624,"2","Low"
625,"2","Low"
626,"16","Low"
627,"18","Low"
628,"8","Low"
629,"0","Low"
630,"0","Low"
631,"0","Low"
632,"11","Low"
633,"49","Low"
634,"0","Low"
635,"0","Low"
636,"0","Low"
637,"0","Low"
638,"0","Low"
639,"0","Low"
640,"9","Low"
641,"41","Low"
642,"127","Low"
643,"13","Low"
644,"4","Low"
645,"0","Low"
646,"0","Low"
647,"141","Low"
648,"17","Low"
649,"0","Low"
650,"0","Low"
651,"0","Low"
652,"0","Low"
653,"4","Low"
654,"1","Low"
655,"0","Low"
656,"8","Low"
657,"19","Low"
658,"9","Low"
659,"0","Low"
660,"0","Low"
661,"0","Low"
662,"0","Low"
663,"3","Low"
664,"0","Low"
665,"0","Low"
666,"0","Low"
667,"0","Low"
668,"0","Low"
669,"8","Low"
670,"8","Low"
671,"0","Low"
672,"0","Low"
673,"8","Low"
674,"0","Low"
675,"2","Low"
676,"0","Low"
677,"0","Low"
678,"0","Low"
679,"0","Low"
680,"0","Low"
681,"0","Low"
682,"0","Low"
683,"0","Low"
684,"0","Low"
685,"0","Low"
686,"9","Low"
687,"4","Low"
688,"0","Low"
689,"2","Low"
690,"0","Low"
691,"2","Low"
692,"0","Low"
693,"0","Low"
694,"0","Low"
695,"2","Low"
696,"0","Low"
697,"18","Low"
698,"0","Low"
699,"0","Low"
700,"0","Low"
701,"6","Low"
702,"0","Low"
703,"0","Low"
704,"5","Low"
705,"0","Low"
706,"0","Low"
707,"0","Low"
708,"0","Low"
709,"0","Low"
710,"0","Low"
711,"0","Low"
712,"0","Low"
713,"0","Low"
714,"0","Low"
715,"0","Low"
716,"0","Low"
717,"0","Low"
718,"0","Low"
719,"0","Low"
720,"0","Low"
721,"0","Low"
722,"0","Low"
723,"10","Low"
724,"0","Low"
725,"0","Low"
726,"0","Low"
727,"0","Low"
728,"0","Low"
729,"0","Low"
730,"0","Low"
731,"0","Low"
732,"0","Low"
733,"0","Low"
734,"2","Low"
735,"0","Low"
736,"0","Low"
737,"0","Low"
738,"0","Low"
739,"0","Low"
740,"0","Low"
741,"3","Low"
742,"3","Low"
743,"2","Low"
744,"0","Low"
745,"0","Low"
746,"0","Low"
747,"0","Low"
748,"0","Low"
749,"0","Low"
750,"0","Low"
751,"0","Low"
752,"0","Low"
753,"0","Low"
754,"0","Low"
755,"0","Low"
756,"0","Low"
757,"0","Low"
758,"0","Low"
759,"0","Low"
760,"0","Low"
761,"0","Low"
762,"0","Low"
763,"3","Low"
764,"0","Low"
765,"0","Low"
766,"9","Low"
767,"0","Low"
768,"4","Low"
769,"0","Low"
770,"3","Low"
771,"0","Low"
772,"0","Low"
773,"0","Low"
774,"1","Low"
775,"0","Low"
776,"0","Low"
777,"0","Low"
778,"0","Low"
779,"0","Low"
780,"0","Low"
781,"0","Low"
782,"0","Low"
783,"0","Low"
784,"0","Low"
785,"0","Low"
786,"32","Low"
787,"0","Low"
788,"0","Low"
789,"0","Low"
790,"0","Low"
791,"0","Low"
792,"0","Low"
793,"3","Low"
794,"1","Low"
795,"0","Low"
796,"0","Low"
797,"0","Low"
798,"0","Low"
799,"0","Low"
800,"0","Low"
801,"0","Low"
802,"3","Low"
803,"0","Low"
804,"0","Low"
805,"0","Low"
806,"0","Low"
807,"563","High"
808,"64","Low"
810,"0","Low"
811,"33","Low"
812,"0","Low"
813,"76","Low"
814,"121","Low"
815,"1585","High"
816,"0","Low"
817,"1320","High"
818,"51","Low"
819,"0","Low"
820,"0","Low"
821,"6","Low"
822,"1788","High"
823,"0","Low"
824,"2","Low"
825,"196","Medium"
826,"202","Medium"
827,"0","Low"
828,"18","Low"
829,"0","Low"
830,"2913","High"
831,"29","Low"
832,"1204","High"
833,"0","Low"
834,"0","Low"
835,"9","Low"
836,"6","Low"
837,"0","Low"
838,"26","Low"
839,"440","High"
840,"286","Medium"
841,"21","Low"
842,"426","High"
843,"4","Low"
844,"1363","High"
845,"1","Low"
846,"950","High"
847,"664","High"
848,"238","Medium"
849,"9","Low"
850,"0","Low"
851,"0","Low"
852,"87","Low"
853,"0","Low"
854,"12","Low"
855,"16","Low"
856,"2","Low"
857,"347","High"
858,"1","Low"
859,"6","Low"
860,"7","Low"
861,"5","Low"
862,"0","Low"
